user_id,tarea_id,rating
1,1,3
1,2,5
1,3,5
1,4,5
1,5,5
1,6,5
1,7,3
1,8,1
1,9,2
1,10,3
1,11,1
1,12,3
1,13,4
1,14,4
1,15,5
1,16,1
1,17,1
1,18,5
1,19,3
1,20,2
1,21,1
1,22,3
1,23,4
1,24,1
1,25,1
1,26,3
1,27,3
1,28,3
1,29,4
1,30,4
1,31,3
1,32,5
1,33,5
1,34,5
1,35,1
1,36,4
1,37,3
1,38,5
1,39,2
1,40,5
1,41,4
1,42,1
1,43,4
1,44,4
1,45,4
1,46,1
1,47,2
1,48,3
1,49,2
1,50,4
1,51,1
1,52,4
1,53,3
1,54,1
1,55,2
1,56,5
1,57,2
1,58,3
1,59,4
1,60,1
1,61,3
1,62,5
1,63,4
1,64,4
1,65,5
1,66,2
1,67,4
1,68,3
1,69,4
1,70,1
1,71,4
1,72,2
1,73,2
1,74,1
1,75,3
1,76,3
1,77,2
1,78,1
1,79,2
1,80,3
1,81,1
1,82,5
1,83,4
1,84,4
1,85,1
1,86,3
1,87,2
1,88,2
1,89,3
1,90,1
1,91,5
1,92,3
1,93,5
1,94,3
1,95,4
1,96,2
1,97,4
1,98,5
1,99,5
1,100,2
1,101,2
1,102,3
1,103,4
1,104,3
1,105,2
1,106,4
1,107,4
1,108,1
1,109,3
1,110,3
1,111,1
1,112,3
1,113,1
1,114,4
1,115,5
1,116,5
1,117,1
1,118,2
1,119,4
1,120,2
1,121,1
1,122,2
1,123,4
1,124,1
1,125,2
1,126,4
1,127,2
1,128,1
1,129,5
2,1,1
2,2,3
2,3,4
2,4,5
2,5,2
2,6,1
2,7,1
2,8,1
2,9,5
2,10,5
2,11,1
2,12,2
2,13,1
2,14,5
2,15,3
2,16,4
2,17,4
2,18,4
2,19,1
2,20,3
2,21,4
2,22,2
2,23,1
2,24,1
2,25,4
2,26,5
2,27,3
2,28,1
2,29,5
2,30,5
2,31,5
2,32,4
2,33,4
2,34,5
2,35,4
2,36,3
2,37,3
2,38,2
2,39,4
2,40,4
2,41,3
2,42,1
2,43,1
2,44,1
2,45,1
2,46,1
2,47,5
2,48,3
2,49,5
2,50,1
2,51,3
2,52,4
2,53,2
2,54,3
2,55,3
2,56,2
2,57,5
2,58,1
2,59,4
2,60,5
2,61,1
2,62,3
2,63,5
2,64,3
2,65,4
2,66,3
2,67,3
2,68,2
2,69,4
2,70,5
2,71,4
2,72,1
2,73,5
2,74,2
2,75,1
2,76,3
2,77,1
2,78,5
2,79,3
2,80,3
2,81,2
2,82,4
2,83,3
2,84,2
2,85,2
2,86,1
2,87,1
2,88,3
2,89,5
2,90,5
2,91,3
2,92,4
2,93,1
2,94,2
2,95,3
2,96,5
2,97,3
2,98,5
2,99,2
2,100,3
2,101,3
2,102,2
2,103,5
2,104,2
2,105,4
2,106,2
2,107,3
2,108,2
2,109,3
2,110,1
2,111,3
2,112,5
2,113,4
2,114,5
2,115,2
2,116,4
2,117,1
2,118,3
2,119,5
2,120,5
2,121,5
2,122,2
2,123,5
2,124,4
2,125,2
2,126,2
2,127,5
2,128,3
2,129,1
3,1,3
3,2,2
3,3,4
3,4,2
3,5,5
3,6,3
3,7,5
3,8,2
3,9,2
3,10,3
3,11,1
3,12,3
3,13,1
3,14,1
3,15,5
3,16,2
3,17,4
3,18,1
3,19,2
3,20,1
3,21,2
3,22,2
3,23,1
3,24,5
3,25,3
3,26,5
3,27,2
3,28,5
3,29,5
3,30,2
3,31,4
3,32,2
3,33,2
3,34,1
3,35,4
3,36,1
3,37,4
3,38,1
3,39,3
3,40,3
3,41,1
3,42,1
3,43,1
3,44,1
3,45,5
3,46,3
3,47,5
3,48,1
3,49,3
3,50,5
3,51,5
3,52,2
3,53,5
3,54,5
3,55,4
3,56,3
3,57,4
3,58,3
3,59,2
3,60,5
3,61,3
3,62,5
3,63,2
3,64,3
3,65,2
3,66,5
3,67,1
3,68,4
3,69,4
3,70,3
3,71,1
3,72,2
3,73,1
3,74,3
3,75,4
3,76,2
3,77,3
3,78,3
3,79,5
3,80,4
3,81,2
3,82,5
3,83,5
3,84,1
3,85,1
3,86,4
3,87,4
3,88,1
3,89,2
3,90,5
3,91,3
3,92,4
3,93,1
3,94,4
3,95,3
3,96,4
3,97,4
3,98,3
3,99,2
3,100,2
3,101,4
3,102,4
3,103,3
3,104,1
3,105,2
3,106,2
3,107,5
3,108,2
3,109,4
3,110,5
3,111,2
3,112,3
3,113,2
3,114,5
3,115,5
3,116,1
3,117,3
3,118,1
3,119,1
3,120,1
3,121,5
3,122,3
3,123,5
3,124,3
3,125,3
3,126,4
3,127,1
3,128,1
3,129,3
4,1,5
4,2,1
4,3,1
4,4,4
4,5,2
4,6,4
4,7,2
4,8,3
4,9,3
4,10,5
4,11,4
4,12,5
4,13,1
4,14,5
4,15,1
4,16,2
4,17,2
4,18,1
4,19,1
4,20,1
4,21,1
4,22,4
4,23,1
4,24,3
4,25,3
4,26,2
4,27,4
4,28,5
4,29,2
4,30,4
4,31,1
4,32,5
4,33,3
4,34,1
4,35,2
4,36,3
4,37,5
4,38,3
4,39,4
4,40,5
4,41,5
4,42,2
4,43,3
4,44,2
4,45,3
4,46,3
4,47,5
4,48,3
4,49,5
4,50,1
4,51,1
4,52,4
4,53,1
4,54,5
4,55,2
4,56,3
4,57,3
4,58,1
4,59,2
4,60,3
4,61,4
4,62,4
4,63,3
4,64,4
4,65,2
4,66,2
4,67,4
4,68,5
4,69,2
4,70,4
4,71,3
4,72,3
4,73,1
4,74,3
4,75,2
4,76,5
4,77,5
4,78,2
4,79,2
4,80,5
4,81,1
4,82,1
4,83,1
4,84,4
4,85,2
4,86,2
4,87,3
4,88,5
4,89,2
4,90,2
4,91,2
4,92,2
4,93,2
4,94,1
4,95,1
4,96,4
4,97,1
4,98,2
4,99,3
4,100,5
4,101,2
4,102,1
4,103,3
4,104,5
4,105,2
4,106,1
4,107,2
4,108,4
4,109,4
4,110,5
4,111,5
4,112,3
4,113,3
4,114,2
4,115,2
4,116,3
4,117,1
4,118,2
4,119,1
4,120,3
4,121,2
4,122,2
4,123,4
4,124,5
4,125,5
4,126,4
4,127,3
4,128,3
4,129,2
5,1,4
5,2,1
5,3,4
5,4,3
5,5,2
5,6,1
5,7,4
5,8,3
5,9,2
5,10,1
5,11,2
5,12,5
5,13,3
5,14,3
5,15,1
5,16,1
5,17,3
5,18,2
5,19,5
5,20,1
5,21,2
5,22,3
5,23,4
5,24,2
5,25,3
5,26,2
5,27,4
5,28,4
5,29,2
5,30,1
5,31,5
5,32,3
5,33,4
5,34,2
5,35,2
5,36,4
5,37,4
5,38,4
5,39,4
5,40,5
5,41,1
5,42,3
5,43,4
5,44,1
5,45,5
5,46,5
5,47,4
5,48,4
5,49,3
5,50,3
5,51,3
5,52,1
5,53,5
5,54,3
5,55,4
5,56,3
5,57,3
5,58,4
5,59,2
5,60,1
5,61,2
5,62,5
5,63,1
5,64,1
5,65,1
5,66,3
5,67,4
5,68,2
5,69,1
5,70,2
5,71,4
5,72,4
5,73,5
5,74,2
5,75,3
5,76,2
5,77,2
5,78,2
5,79,2
5,80,2
5,81,5
5,82,3
5,83,1
5,84,3
5,85,2
5,86,5
5,87,3
5,88,2
5,89,4
5,90,3
5,91,5
5,92,5
5,93,4
5,94,5
5,95,1
5,96,1
5,97,2
5,98,2
5,99,4
5,100,3
5,101,5
5,102,4
5,103,1
5,104,1
5,105,3
5,106,5
5,107,1
5,108,4
5,109,3
5,110,5
5,111,4
5,112,5
5,113,2
5,114,2
5,115,5
5,116,2
5,117,5
5,118,1
5,119,1
5,120,4
5,121,1
5,122,3
5,123,1
5,124,5
5,125,1
5,126,1
5,127,1
5,128,5
5,129,5
6,1,1
6,2,1
6,3,4
6,4,3
6,5,3
6,6,3
6,7,1
6,8,4
6,9,3
6,10,1
6,11,5
6,12,4
6,13,4
6,14,4
6,15,1
6,16,1
6,17,4
6,18,4
6,19,5
6,20,5
6,21,2
6,22,5
6,23,5
6,24,5
6,25,1
6,26,2
6,27,2
6,28,2
6,29,2
6,30,4
6,31,3
6,32,4
6,33,5
6,34,2
6,35,2
6,36,2
6,37,5
6,38,4
6,39,5
6,40,1
6,41,5
6,42,3
6,43,5
6,44,2
6,45,2
6,46,1
6,47,4
6,48,2
6,49,5
6,50,5
6,51,1
6,52,1
6,53,4
6,54,3
6,55,4
6,56,3
6,57,2
6,58,5
6,59,4
6,60,5
6,61,2
6,62,5
6,63,4
6,64,4
6,65,5
6,66,1
6,67,3
6,68,2
6,69,4
6,70,3
6,71,2
6,72,4
6,73,2
6,74,5
6,75,5
6,76,4
6,77,5
6,78,2
6,79,1
6,80,5
6,81,4
6,82,2
6,83,2
6,84,1
6,85,3
6,86,1
6,87,1
6,88,1
6,89,1
6,90,3
6,91,5
6,92,5
6,93,3
6,94,4
6,95,4
6,96,2
6,97,2
6,98,3
6,99,1
6,100,1
6,101,5
6,102,5
6,103,5
6,104,5
6,105,1
6,106,1
6,107,2
6,108,2
6,109,4
6,110,1
6,111,4
6,112,4
6,113,4
6,114,4
6,115,5
6,116,4
6,117,1
6,118,3
6,119,5
6,120,1
6,121,1
6,122,4
6,123,1
6,124,4
6,125,4
6,126,5
6,127,3
6,128,2
6,129,2
7,1,5
7,2,1
7,3,5
7,4,1
7,5,2
7,6,4
7,7,3
7,8,3
7,9,4
7,10,1
7,11,5
7,12,5
7,13,1
7,14,5
7,15,1
7,16,5
7,17,5
7,18,5
7,19,1
7,20,1
7,21,2
7,22,2
7,23,2
7,24,1
7,25,5
7,26,1
7,27,3
7,28,4
7,29,4
7,30,4
7,31,4
7,32,5
7,33,2
7,34,5
7,35,3
7,36,4
7,37,1
7,38,5
7,39,3
7,40,1
7,41,4
7,42,2
7,43,4
7,44,3
7,45,3
7,46,5
7,47,5
7,48,2
7,49,2
7,50,4
7,51,4
7,52,1
7,53,5
7,54,1
7,55,1
7,56,5
7,57,1
7,58,2
7,59,3
7,60,4
7,61,2
7,62,5
7,63,4
7,64,4
7,65,1
7,66,2
7,67,5
7,68,5
7,69,3
7,70,2
7,71,3
7,72,5
7,73,4
7,74,2
7,75,5
7,76,1
7,77,5
7,78,3
7,79,5
7,80,4
7,81,5
7,82,4
7,83,4
7,84,4
7,85,2
7,86,4
7,87,5
7,88,1
7,89,5
7,90,4
7,91,1
7,92,2
7,93,2
7,94,4
7,95,1
7,96,5
7,97,4
7,98,5
7,99,4
7,100,5
7,101,1
7,102,4
7,103,3
7,104,3
7,105,1
7,106,3
7,107,5
7,108,5
7,109,5
7,110,1
7,111,5
7,112,3
7,113,3
7,114,5
7,115,4
7,116,1
7,117,5
7,118,3
7,119,4
7,120,5
7,121,3
7,122,5
7,123,5
7,124,4
7,125,2
7,126,1
7,127,5
7,128,4
7,129,4
8,1,1
8,2,3
8,3,1
8,4,5
8,5,5
8,6,4
8,7,4
8,8,2
8,9,1
8,10,5
8,11,5
8,12,1
8,13,5
8,14,3
8,15,2
8,16,2
8,17,5
8,18,4
8,19,3
8,20,2
8,21,5
8,22,4
8,23,3
8,24,1
8,25,1
8,26,5
8,27,2
8,28,3
8,29,3
8,30,5
8,31,1
8,32,1
8,33,3
8,34,3
8,35,2
8,36,2
8,37,5
8,38,5
8,39,1
8,40,4
8,41,3
8,42,3
8,43,2
8,44,4
8,45,2
8,46,4
8,47,5
8,48,2
8,49,1
8,50,4
8,51,1
8,52,5
8,53,5
8,54,5
8,55,1
8,56,1
8,57,4
8,58,1
8,59,4
8,60,4
8,61,3
8,62,3
8,63,4
8,64,2
8,65,3
8,66,3
8,67,3
8,68,5
8,69,4
8,70,1
8,71,1
8,72,3
8,73,4
8,74,5
8,75,5
8,76,2
8,77,2
8,78,2
8,79,2
8,80,2
8,81,4
8,82,5
8,83,3
8,84,4
8,85,3
8,86,5
8,87,2
8,88,2
8,89,2
8,90,3
8,91,1
8,92,3
8,93,5
8,94,2
8,95,3
8,96,4
8,97,3
8,98,1
8,99,4
8,100,3
8,101,4
8,102,5
8,103,4
8,104,2
8,105,3
8,106,4
8,107,4
8,108,2
8,109,3
8,110,1
8,111,5
8,112,4
8,113,3
8,114,4
8,115,5
8,116,1
8,117,1
8,118,5
8,119,4
8,120,3
8,121,5
8,122,3
8,123,1
8,124,1
8,125,3
8,126,5
8,127,4
8,128,2
8,129,3
9,1,3
9,2,2
9,3,5
9,4,3
9,5,1
9,6,2
9,7,2
9,8,5
9,9,2
9,10,4
9,11,2
9,12,1
9,13,5
9,14,3
9,15,5
9,16,2
9,17,5
9,18,5
9,19,3
9,20,4
9,21,5
9,22,5
9,23,1
9,24,2
9,25,2
9,26,1
9,27,5
9,28,5
9,29,5
9,30,3
9,31,5
9,32,4
9,33,3
9,34,5
9,35,4
9,36,1
9,37,4
9,38,1
9,39,3
9,40,3
9,41,3
9,42,4
9,43,3
9,44,2
9,45,5
9,46,3
9,47,2
9,48,2
9,49,2
9,50,1
9,51,1
9,52,3
9,53,4
9,54,4
9,55,4
9,56,4
9,57,2
9,58,5
9,59,1
9,60,2
9,61,2
9,62,3
9,63,1
9,64,2
9,65,1
9,66,4
9,67,3
9,68,2
9,69,3
9,70,5
9,71,2
9,72,4
9,73,5
9,74,2
9,75,2
9,76,1
9,77,2
9,78,2
9,79,4
9,80,2
9,81,2
9,82,1
9,83,2
9,84,5
9,85,1
9,86,5
9,87,2
9,88,2
9,89,1
9,90,5
9,91,3
9,92,3
9,93,5
9,94,4
9,95,3
9,96,4
9,97,4
9,98,5
9,99,4
9,100,2
9,101,2
9,102,5
9,103,5
9,104,4
9,105,4
9,106,2
9,107,2
9,108,5
9,109,1
9,110,2
9,111,5
9,112,5
9,113,1
9,114,5
9,115,4
9,116,2
9,117,4
9,118,4
9,119,1
9,120,1
9,121,2
9,122,2
9,123,1
9,124,5
9,125,5
9,126,2
9,127,4
9,128,4
9,129,2
10,1,2
10,2,5
10,3,4
10,4,2
10,5,1
10,6,3
10,7,5
10,8,4
10,9,3
10,10,1
10,11,2
10,12,3
10,13,5
10,14,3
10,15,1
10,16,1
10,17,1
10,18,1
10,19,3
10,20,3
10,21,4
10,22,5
10,23,1
10,24,4
10,25,5
10,26,5
10,27,5
10,28,5
10,29,2
10,30,5
10,31,4
10,32,4
10,33,4
10,34,4
10,35,2
10,36,5
10,37,3
10,38,2
10,39,3
10,40,3
10,41,3
10,42,3
10,43,1
10,44,4
10,45,3
10,46,1
10,47,5
10,48,5
10,49,3
10,50,2
10,51,4
10,52,4
10,53,5
10,54,1
10,55,1
10,56,3
10,57,5
10,58,3
10,59,3
10,60,1
10,61,4
10,62,1
10,63,2
10,64,1
10,65,4
10,66,4
10,67,4
10,68,3
10,69,2
10,70,3
10,71,1
10,72,3
10,73,4
10,74,3
10,75,2
10,76,2
10,77,3
10,78,1
10,79,5
10,80,5
10,81,4
10,82,2
10,83,3
10,84,3
10,85,5
10,86,3
10,87,4
10,88,2
10,89,3
10,90,5
10,91,4
10,92,2
10,93,3
10,94,1
10,95,1
10,96,2
10,97,3
10,98,2
10,99,5
10,100,2
10,101,3
10,102,1
10,103,3
10,104,1
10,105,5
10,106,5
10,107,5
10,108,1
10,109,3
10,110,2
10,111,3
10,112,5
10,113,1
10,114,1
10,115,5
10,116,2
10,117,2
10,118,3
10,119,1
10,120,1
10,121,1
10,122,2
10,123,3
10,124,2
10,125,5
10,126,1
10,127,1
10,128,5
10,129,2
11,1,3
11,2,2
11,3,4
11,4,3
11,5,5
11,6,1
11,7,4
11,8,3
11,9,1
11,10,2
11,11,3
11,12,5
11,13,5
11,14,4
11,15,3
11,16,2
11,17,2
11,18,5
11,19,3
11,20,3
11,21,1
11,22,4
11,23,4
11,24,5
11,25,3
11,26,5
11,27,2
11,28,4
11,29,3
11,30,3
11,31,2
11,32,4
11,33,5
11,34,3
11,35,4
11,36,5
11,37,4
11,38,3
11,39,2
11,40,3
11,41,2
11,42,5
11,43,1
11,44,5
11,45,5
11,46,2
11,47,5
11,48,1
11,49,5
11,50,2
11,51,2
11,52,5
11,53,2
11,54,4
11,55,4
11,56,4
11,57,5
11,58,2
11,59,3
11,60,3
11,61,4
11,62,2
11,63,5
11,64,1
11,65,4
11,66,5
11,67,4
11,68,4
11,69,3
11,70,5
11,71,5
11,72,4
11,73,5
11,74,4
11,75,2
11,76,1
11,77,5
11,78,1
11,79,1
11,80,1
11,81,3
11,82,5
11,83,5
11,84,3
11,85,5
11,86,1
11,87,5
11,88,3
11,89,3
11,90,1
11,91,4
11,92,3
11,93,3
11,94,4
11,95,2
11,96,5
11,97,3
11,98,3
11,99,2
11,100,3
11,101,5
11,102,5
11,103,2
11,104,5
11,105,2
11,106,4
11,107,1
11,108,4
11,109,4
11,110,1
11,111,4
11,112,5
11,113,1
11,114,3
11,115,5
11,116,1
11,117,5
11,118,3
11,119,3
11,120,4
11,121,3
11,122,5
11,123,5
11,124,1
11,125,2
11,126,5
11,127,5
11,128,1
11,129,2
12,1,2
12,2,3
12,3,3
12,4,4
12,5,4
12,6,2
12,7,4
12,8,2
12,9,1
12,10,2
12,11,5
12,12,3
12,13,2
12,14,3
12,15,2
12,16,3
12,17,2
12,18,1
12,19,4
12,20,4
12,21,2
12,22,5
12,23,3
12,24,2
12,25,1
12,26,3
12,27,2
12,28,4
12,29,4
12,30,3
12,31,4
12,32,4
12,33,4
12,34,1
12,35,5
12,36,1
12,37,5
12,38,1
12,39,3
12,40,4
12,41,4
12,42,4
12,43,2
12,44,2
12,45,5
12,46,5
12,47,2
12,48,2
12,49,3
12,50,1
12,51,4
12,52,4
12,53,2
12,54,3
12,55,2
12,56,2
12,57,5
12,58,4
12,59,1
12,60,1
12,61,4
12,62,2
12,63,3
12,64,1
12,65,5
12,66,5
12,67,3
12,68,3
12,69,4
12,70,5
12,71,2
12,72,3
12,73,3
12,74,1
12,75,3
12,76,5
12,77,3
12,78,2
12,79,2
12,80,2
12,81,2
12,82,4
12,83,1
12,84,1
12,85,1
12,86,2
12,87,2
12,88,3
12,89,4
12,90,2
12,91,4
12,92,2
12,93,4
12,94,3
12,95,5
12,96,5
12,97,4
12,98,1
12,99,5
12,100,1
12,101,5
12,102,3
12,103,2
12,104,3
12,105,3
12,106,3
12,107,1
12,108,2
12,109,1
12,110,1
12,111,1
12,112,2
12,113,5
12,114,2
12,115,1
12,116,5
12,117,4
12,118,4
12,119,3
12,120,4
12,121,1
12,122,5
12,123,5
12,124,2
12,125,3
12,126,5
12,127,3
12,128,3
12,129,4
13,1,4
13,2,5
13,3,4
13,4,4
13,5,3
13,6,3
13,7,5
13,8,1
13,9,3
13,10,4
13,11,3
13,12,2
13,13,4
13,14,3
13,15,3
13,16,4
13,17,5
13,18,1
13,19,4
13,20,5
13,21,1
13,22,3
13,23,3
13,24,5
13,25,5
13,26,3
13,27,5
13,28,2
13,29,4
13,30,5
13,31,5
13,32,2
13,33,3
13,34,3
13,35,5
13,36,4
13,37,4
13,38,3
13,39,2
13,40,4
13,41,5
13,42,5
13,43,4
13,44,5
13,45,4
13,46,4
13,47,3
13,48,5
13,49,4
13,50,3
13,51,3
13,52,5
13,53,2
13,54,2
13,55,2
13,56,4
13,57,5
13,58,5
13,59,1
13,60,3
13,61,1
13,62,3
13,63,3
13,64,2
13,65,1
13,66,1
13,67,3
13,68,2
13,69,3
13,70,4
13,71,4
13,72,1
13,73,2
13,74,5
13,75,4
13,76,5
13,77,4
13,78,4
13,79,5
13,80,3
13,81,1
13,82,5
13,83,4
13,84,3
13,85,2
13,86,2
13,87,3
13,88,1
13,89,5
13,90,1
13,91,1
13,92,3
13,93,3
13,94,3
13,95,3
13,96,2
13,97,1
13,98,4
13,99,1
13,100,4
13,101,1
13,102,3
13,103,2
13,104,4
13,105,2
13,106,1
13,107,3
13,108,1
13,109,4
13,110,3
13,111,1
13,112,2
13,113,5
13,114,1
13,115,4
13,116,5
13,117,2
13,118,1
13,119,1
13,120,2
13,121,5
13,122,5
13,123,1
13,124,5
13,125,2
13,126,2
13,127,1
13,128,4
13,129,5
14,1,3
14,2,5
14,3,3
14,4,2
14,5,3
14,6,1
14,7,5
14,8,1
14,9,4
14,10,3
14,11,4
14,12,2
14,13,2
14,14,4
14,15,4
14,16,1
14,17,3
14,18,3
14,19,2
14,20,5
14,21,1
14,22,5
14,23,3
14,24,3
14,25,3
14,26,3
14,27,3
14,28,5
14,29,5
14,30,2
14,31,3
14,32,5
14,33,5
14,34,1
14,35,2
14,36,1
14,37,2
14,38,3
14,39,1
14,40,1
14,41,4
14,42,4
14,43,5
14,44,1
14,45,2
14,46,5
14,47,5
14,48,1
14,49,4
14,50,1
14,51,1
14,52,3
14,53,2
14,54,4
14,55,2
14,56,5
14,57,4
14,58,3
14,59,5
14,60,4
14,61,1
14,62,1
14,63,2
14,64,2
14,65,1
14,66,2
14,67,2
14,68,2
14,69,1
14,70,1
14,71,5
14,72,5
14,73,1
14,74,4
14,75,4
14,76,4
14,77,4
14,78,4
14,79,3
14,80,2
14,81,4
14,82,3
14,83,5
14,84,5
14,85,4
14,86,1
14,87,3
14,88,3
14,89,5
14,90,4
14,91,5
14,92,5
14,93,3
14,94,4
14,95,2
14,96,1
14,97,3
14,98,2
14,99,3
14,100,5
14,101,4
14,102,4
14,103,5
14,104,3
14,105,5
14,106,5
14,107,3
14,108,1
14,109,5
14,110,4
14,111,2
14,112,4
14,113,2
14,114,5
14,115,2
14,116,2
14,117,1
14,118,1
14,119,4
14,120,5
14,121,5
14,122,1
14,123,2
14,124,5
14,125,5
14,126,3
14,127,4
14,128,5
14,129,5
15,1,2
15,2,4
15,3,3
15,4,4
15,5,3
15,6,2
15,7,3
15,8,3
15,9,2
15,10,1
15,11,3
15,12,4
15,13,5
15,14,4
15,15,2
15,16,5
15,17,1
15,18,1
15,19,5
15,20,3
15,21,2
15,22,3
15,23,4
15,24,3
15,25,5
15,26,3
15,27,2
15,28,2
15,29,4
15,30,3
15,31,5
15,32,3
15,33,2
15,34,2
15,35,4
15,36,4
15,37,5
15,38,1
15,39,1
15,40,5
15,41,5
15,42,5
15,43,2
15,44,3
15,45,1
15,46,2
15,47,2
15,48,5
15,49,4
15,50,4
15,51,3
15,52,1
15,53,2
15,54,3
15,55,2
15,56,3
15,57,5
15,58,3
15,59,4
15,60,2
15,61,1
15,62,4
15,63,2
15,64,4
15,65,5
15,66,2
15,67,3
15,68,1
15,69,4
15,70,4
15,71,5
15,72,1
15,73,1
15,74,1
15,75,1
15,76,2
15,77,2
15,78,5
15,79,2
15,80,2
15,81,1
15,82,1
15,83,5
15,84,3
15,85,5
15,86,3
15,87,2
15,88,2
15,89,1
15,90,2
15,91,1
15,92,1
15,93,2
15,94,1
15,95,4
15,96,3
15,97,4
15,98,4
15,99,1
15,100,5
15,101,3
15,102,4
15,103,1
15,104,2
15,105,1
15,106,3
15,107,4
15,108,1
15,109,2
15,110,5
15,111,3
15,112,3
15,113,5
15,114,3
15,115,3
15,116,1
15,117,5
15,118,4
15,119,1
15,120,1
15,121,3
15,122,2
15,123,5
15,124,4
15,125,1
15,126,4
15,127,5
15,128,1
15,129,2
16,1,4
16,2,2
16,3,4
16,4,5
16,5,2
16,6,3
16,7,3
16,8,3
16,9,4
16,10,4
16,11,4
16,12,2
16,13,4
16,14,2
16,15,5
16,16,2
16,17,2
16,18,1
16,19,5
16,20,4
16,21,5
16,22,4
16,23,1
16,24,2
16,25,5
16,26,4
16,27,1
16,28,3
16,29,2
16,30,4
16,31,5
16,32,1
16,33,5
16,34,3
16,35,3
16,36,1
16,37,5
16,38,3
16,39,4
16,40,2
16,41,5
16,42,2
16,43,1
16,44,5
16,45,2
16,46,4
16,47,2
16,48,5
16,49,1
16,50,1
16,51,4
16,52,2
16,53,1
16,54,2
16,55,2
16,56,1
16,57,1
16,58,1
16,59,4
16,60,3
16,61,1
16,62,1
16,63,1
16,64,4
16,65,1
16,66,5
16,67,4
16,68,2
16,69,5
16,70,5
16,71,5
16,72,3
16,73,3
16,74,2
16,75,5
16,76,3
16,77,1
16,78,3
16,79,1
16,80,5
16,81,1
16,82,2
16,83,5
16,84,1
16,85,2
16,86,5
16,87,1
16,88,4
16,89,5
16,90,1
16,91,3
16,92,2
16,93,2
16,94,4
16,95,1
16,96,5
16,97,2
16,98,4
16,99,2
16,100,3
16,101,1
16,102,2
16,103,3
16,104,5
16,105,5
16,106,2
16,107,2
16,108,1
16,109,2
16,110,1
16,111,2
16,112,2
16,113,2
16,114,3
16,115,4
16,116,5
16,117,5
16,118,2
16,119,3
16,120,5
16,121,2
16,122,2
16,123,5
16,124,2
16,125,2
16,126,1
16,127,2
16,128,2
16,129,2
17,1,1
17,2,3
17,3,2
17,4,2
17,5,2
17,6,3
17,7,4
17,8,1
17,9,5
17,10,1
17,11,3
17,12,5
17,13,4
17,14,4
17,15,4
17,16,2
17,17,3
17,18,2
17,19,1
17,20,4
17,21,4
17,22,5
17,23,3
17,24,2
17,25,4
17,26,4
17,27,3
17,28,1
17,29,3
17,30,4
17,31,1
17,32,3
17,33,1
17,34,2
17,35,2
17,36,4
17,37,1
17,38,4
17,39,4
17,40,2
17,41,2
17,42,1
17,43,2
17,44,2
17,45,2
17,46,3
17,47,1
17,48,3
17,49,2
17,50,5
17,51,3
17,52,5
17,53,4
17,54,4
17,55,5
17,56,2
17,57,2
17,58,4
17,59,4
17,60,1
17,61,4
17,62,2
17,63,1
17,64,1
17,65,5
17,66,3
17,67,1
17,68,3
17,69,5
17,70,2
17,71,5
17,72,5
17,73,4
17,74,3
17,75,4
17,76,3
17,77,3
17,78,1
17,79,1
17,80,1
17,81,4
17,82,2
17,83,4
17,84,2
17,85,2
17,86,2
17,87,2
17,88,4
17,89,2
17,90,5
17,91,4
17,92,1
17,93,3
17,94,5
17,95,4
17,96,2
17,97,1
17,98,2
17,99,4
17,100,5
17,101,3
17,102,4
17,103,2
17,104,4
17,105,1
17,106,1
17,107,3
17,108,4
17,109,5
17,110,5
17,111,5
17,112,3
17,113,2
17,114,1
17,115,3
17,116,4
17,117,4
17,118,4
17,119,4
17,120,3
17,121,4
17,122,3
17,123,5
17,124,3
17,125,3
17,126,4
17,127,5
17,128,4
17,129,1
18,1,1
18,2,5
18,3,5
18,4,1
18,5,5
18,6,2
18,7,4
18,8,4
18,9,2
18,10,3
18,11,5
18,12,1
18,13,2
18,14,5
18,15,3
18,16,2
18,17,3
18,18,1
18,19,1
18,20,1
18,21,4
18,22,4
18,23,2
18,24,5
18,25,4
18,26,5
18,27,3
18,28,5
18,29,5
18,30,4
18,31,4
18,32,3
18,33,1
18,34,1
18,35,3
18,36,5
18,37,4
18,38,3
18,39,1
18,40,4
18,41,2
18,42,1
18,43,4
18,44,1
18,45,1
18,46,5
18,47,1
18,48,1
18,49,4
18,50,2
18,51,5
18,52,3
18,53,2
18,54,4
18,55,1
18,56,2
18,57,4
18,58,5
18,59,3
18,60,3
18,61,1
18,62,4
18,63,1
18,64,2
18,65,2
18,66,2
18,67,1
18,68,1
18,69,3
18,70,2
18,71,5
18,72,1
18,73,3
18,74,5
18,75,1
18,76,2
18,77,3
18,78,3
18,79,1
18,80,4
18,81,3
18,82,5
18,83,5
18,84,3
18,85,3
18,86,2
18,87,5
18,88,2
18,89,3
18,90,5
18,91,5
18,92,3
18,93,2
18,94,2
18,95,2
18,96,2
18,97,4
18,98,4
18,99,5
18,100,4
18,101,2
18,102,3
18,103,1
18,104,4
18,105,1
18,106,3
18,107,2
18,108,1
18,109,2
18,110,2
18,111,3
18,112,4
18,113,1
18,114,2
18,115,1
18,116,5
18,117,2
18,118,5
18,119,1
18,120,1
18,121,1
18,122,5
18,123,3
18,124,4
18,125,5
18,126,1
18,127,3
18,128,1
18,129,4
19,1,5
19,2,1
19,3,5
19,4,3
19,5,3
19,6,5
19,7,2
19,8,3
19,9,2
19,10,3
19,11,5
19,12,1
19,13,5
19,14,4
19,15,4
19,16,2
19,17,1
19,18,5
19,19,4
19,20,4
19,21,2
19,22,5
19,23,3
19,24,2
19,25,5
19,26,1
19,27,3
19,28,1
19,29,2
19,30,2
19,31,3
19,32,4
19,33,4
19,34,5
19,35,1
19,36,2
19,37,1
19,38,1
19,39,2
19,40,4
19,41,1
19,42,2
19,43,3
19,44,1
19,45,5
19,46,1
19,47,1
19,48,3
19,49,5
19,50,4
19,51,1
19,52,4
19,53,1
19,54,2
19,55,2
19,56,4
19,57,1
19,58,5
19,59,2
19,60,1
19,61,2
19,62,3
19,63,5
19,64,3
19,65,1
19,66,5
19,67,1
19,68,2
19,69,1
19,70,5
19,71,2
19,72,3
19,73,2
19,74,5
19,75,5
19,76,1
19,77,4
19,78,1
19,79,2
19,80,1
19,81,2
19,82,4
19,83,3
19,84,4
19,85,1
19,86,4
19,87,1
19,88,2
19,89,5
19,90,4
19,91,1
19,92,3
19,93,4
19,94,2
19,95,5
19,96,5
19,97,2
19,98,5
19,99,5
19,100,3
19,101,4
19,102,4
19,103,2
19,104,4
19,105,4
19,106,2
19,107,1
19,108,5
19,109,1
19,110,3
19,111,3
19,112,5
19,113,1
19,114,4
19,115,3
19,116,2
19,117,5
19,118,2
19,119,2
19,120,5
19,121,1
19,122,5
19,123,2
19,124,2
19,125,4
19,126,4
19,127,1
19,128,5
19,129,2
20,1,4
20,2,5
20,3,4
20,4,5
20,5,1
20,6,5
20,7,2
20,8,1
20,9,1
20,10,3
20,11,1
20,12,1
20,13,2
20,14,5
20,15,1
20,16,3
20,17,3
20,18,5
20,19,4
20,20,2
20,21,2
20,22,1
20,23,1
20,24,1
20,25,1
20,26,2
20,27,1
20,28,4
20,29,3
20,30,3
20,31,3
20,32,4
20,33,3
20,34,4
20,35,2
20,36,5
20,37,4
20,38,3
20,39,1
20,40,4
20,41,1
20,42,4
20,43,1
20,44,4
20,45,5
20,46,3
20,47,3
20,48,3
20,49,1
20,50,3
20,51,1
20,52,4
20,53,1
20,54,2
20,55,3
20,56,2
20,57,5
20,58,1
20,59,4
20,60,5
20,61,5
20,62,1
20,63,4
20,64,5
20,65,3
20,66,4
20,67,4
20,68,1
20,69,1
20,70,4
20,71,1
20,72,3
20,73,3
20,74,3
20,75,3
20,76,4
20,77,5
20,78,5
20,79,2
20,80,4
20,81,5
20,82,3
20,83,3
20,84,4
20,85,1
20,86,1
20,87,1
20,88,5
20,89,2
20,90,2
20,91,2
20,92,1
20,93,5
20,94,1
20,95,5
20,96,5
20,97,3
20,98,2
20,99,5
20,100,3
20,101,1
20,102,3
20,103,3
20,104,2
20,105,5
20,106,1
20,107,1
20,108,3
20,109,3
20,110,4
20,111,5
20,112,3
20,113,4
20,114,3
20,115,4
20,116,5
20,117,4
20,118,1
20,119,5
20,120,4
20,121,1
20,122,4
20,123,5
20,124,2
20,125,1
20,126,4
20,127,2
20,128,3
20,129,2
21,1,2
21,2,3
21,3,2
21,4,1
21,5,4
21,6,1
21,7,1
21,8,5
21,9,5
21,10,4
21,11,4
21,12,1
21,13,3
21,14,3
21,15,3
21,16,4
21,17,5
21,18,1
21,19,5
21,20,4
21,21,2
21,22,1
21,23,1
21,24,4
21,25,2
21,26,5
21,27,2
21,28,2
21,29,5
21,30,4
21,31,5
21,32,1
21,33,1
21,34,5
21,35,3
21,36,2
21,37,3
21,38,3
21,39,3
21,40,2
21,41,1
21,42,5
21,43,5
21,44,4
21,45,2
21,46,2
21,47,3
21,48,5
21,49,4
21,50,1
21,51,4
21,52,1
21,53,2
21,54,3
21,55,1
21,56,2
21,57,2
21,58,5
21,59,3
21,60,3
21,61,3
21,62,5
21,63,5
21,64,4
21,65,3
21,66,1
21,67,4
21,68,5
21,69,4
21,70,1
21,71,1
21,72,3
21,73,2
21,74,5
21,75,4
21,76,3
21,77,1
21,78,3
21,79,2
21,80,2
21,81,1
21,82,4
21,83,3
21,84,2
21,85,5
21,86,4
21,87,3
21,88,2
21,89,1
21,90,2
21,91,5
21,92,1
21,93,4
21,94,3
21,95,4
21,96,5
21,97,3
21,98,2
21,99,3
21,100,3
21,101,2
21,102,2
21,103,4
21,104,4
21,105,2
21,106,2
21,107,5
21,108,4
21,109,3
21,110,1
21,111,2
21,112,2
21,113,5
21,114,2
21,115,5
21,116,3
21,117,3
21,118,4
21,119,5
21,120,5
21,121,3
21,122,2
21,123,4
21,124,4
21,125,1
21,126,1
21,127,5
21,128,2
21,129,2
22,1,2
22,2,5
22,3,2
22,4,3
22,5,5
22,6,3
22,7,4
22,8,5
22,9,2
22,10,2
22,11,1
22,12,2
22,13,3
22,14,1
22,15,5
22,16,4
22,17,5
22,18,4
22,19,2
22,20,2
22,21,5
22,22,2
22,23,3
22,24,4
22,25,1
22,26,1
22,27,3
22,28,3
22,29,3
22,30,1
22,31,2
22,32,2
22,33,4
22,34,1
22,35,1
22,36,4
22,37,2
22,38,3
22,39,4
22,40,4
22,41,2
22,42,3
22,43,3
22,44,2
22,45,1
22,46,4
22,47,3
22,48,2
22,49,3
22,50,5
22,51,5
22,52,3
22,53,1
22,54,5
22,55,1
22,56,3
22,57,4
22,58,4
22,59,2
22,60,1
22,61,4
22,62,3
22,63,4
22,64,5
22,65,1
22,66,1
22,67,5
22,68,3
22,69,1
22,70,2
22,71,2
22,72,2
22,73,3
22,74,5
22,75,3
22,76,3
22,77,3
22,78,3
22,79,2
22,80,5
22,81,1
22,82,5
22,83,3
22,84,3
22,85,1
22,86,1
22,87,1
22,88,3
22,89,4
22,90,1
22,91,2
22,92,1
22,93,2
22,94,4
22,95,3
22,96,4
22,97,2
22,98,2
22,99,3
22,100,3
22,101,4
22,102,1
22,103,5
22,104,5
22,105,5
22,106,3
22,107,5
22,108,2
22,109,2
22,110,3
22,111,3
22,112,1
22,113,5
22,114,1
22,115,2
22,116,5
22,117,3
22,118,3
22,119,2
22,120,2
22,121,3
22,122,1
22,123,2
22,124,4
22,125,2
22,126,3
22,127,3
22,128,5
22,129,5
23,1,5
23,2,3
23,3,5
23,4,1
23,5,1
23,6,5
23,7,5
23,8,3
23,9,2
23,10,1
23,11,3
23,12,3
23,13,1
23,14,2
23,15,2
23,16,1
23,17,4
23,18,5
23,19,4
23,20,1
23,21,3
23,22,2
23,23,3
23,24,5
23,25,4
23,26,3
23,27,1
23,28,5
23,29,1
23,30,4
23,31,2
23,32,2
23,33,2
23,34,5
23,35,3
23,36,2
23,37,5
23,38,2
23,39,2
23,40,1
23,41,1
23,42,1
23,43,3
23,44,5
23,45,2
23,46,4
23,47,4
23,48,4
23,49,2
23,50,3
23,51,4
23,52,3
23,53,2
23,54,4
23,55,3
23,56,5
23,57,5
23,58,1
23,59,2
23,60,1
23,61,5
23,62,4
23,63,2
23,64,2
23,65,5
23,66,4
23,67,2
23,68,5
23,69,2
23,70,5
23,71,2
23,72,2
23,73,1
23,74,5
23,75,2
23,76,3
23,77,4
23,78,4
23,79,1
23,80,3
23,81,2
23,82,3
23,83,3
23,84,4
23,85,4
23,86,2
23,87,2
23,88,5
23,89,3
23,90,4
23,91,5
23,92,5
23,93,5
23,94,3
23,95,3
23,96,3
23,97,2
23,98,2
23,99,1
23,100,4
23,101,2
23,102,2
23,103,2
23,104,2
23,105,1
23,106,4
23,107,4
23,108,5
23,109,2
23,110,5
23,111,4
23,112,5
23,113,5
23,114,1
23,115,5
23,116,3
23,117,5
23,118,3
23,119,1
23,120,2
23,121,3
23,122,4
23,123,3
23,124,4
23,125,5
23,126,2
23,127,5
23,128,5
23,129,5
24,1,1
24,2,2
24,3,1
24,4,2
24,5,5
24,6,4
24,7,4
24,8,5
24,9,1
24,10,1
24,11,2
24,12,3
24,13,2
24,14,4
24,15,5
24,16,1
24,17,1
24,18,2
24,19,2
24,20,3
24,21,2
24,22,1
24,23,2
24,24,4
24,25,3
24,26,2
24,27,3
24,28,2
24,29,2
24,30,1
24,31,4
24,32,2
24,33,2
24,34,1
24,35,4
24,36,4
24,37,3
24,38,4
24,39,4
24,40,5
24,41,2
24,42,3
24,43,1
24,44,2
24,45,1
24,46,1
24,47,3
24,48,2
24,49,1
24,50,5
24,51,3
24,52,2
24,53,5
24,54,4
24,55,4
24,56,5
24,57,4
24,58,3
24,59,1
24,60,5
24,61,3
24,62,3
24,63,5
24,64,2
24,65,3
24,66,1
24,67,4
24,68,5
24,69,3
24,70,3
24,71,3
24,72,3
24,73,4
24,74,1
24,75,2
24,76,4
24,77,1
24,78,2
24,79,2
24,80,5
24,81,3
24,82,3
24,83,3
24,84,4
24,85,3
24,86,5
24,87,1
24,88,4
24,89,1
24,90,4
24,91,4
24,92,4
24,93,3
24,94,4
24,95,1
24,96,2
24,97,2
24,98,1
24,99,4
24,100,3
24,101,2
24,102,3
24,103,4
24,104,1
24,105,4
24,106,3
24,107,3
24,108,2
24,109,5
24,110,3
24,111,2
24,112,3
24,113,1
24,114,2
24,115,1
24,116,5
24,117,5
24,118,5
24,119,3
24,120,3
24,121,2
24,122,3
24,123,4
24,124,5
24,125,4
24,126,5
24,127,1
24,128,4
24,129,4
25,1,3
25,2,5
25,3,4
25,4,1
25,5,3
25,6,4
25,7,3
25,8,2
25,9,2
25,10,1
25,11,1
25,12,5
25,13,1
25,14,4
25,15,1
25,16,4
25,17,1
25,18,5
25,19,4
25,20,3
25,21,2
25,22,4
25,23,3
25,24,3
25,25,2
25,26,5
25,27,4
25,28,3
25,29,4
25,30,1
25,31,4
25,32,5
25,33,4
25,34,4
25,35,4
25,36,4
25,37,3
25,38,2
25,39,3
25,40,3
25,41,4
25,42,5
25,43,1
25,44,5
25,45,1
25,46,4
25,47,1
25,48,3
25,49,5
25,50,5
25,51,4
25,52,5
25,53,2
25,54,3
25,55,2
25,56,1
25,57,4
25,58,3
25,59,3
25,60,3
25,61,4
25,62,1
25,63,2
25,64,1
25,65,4
25,66,3
25,67,3
25,68,3
25,69,2
25,70,2
25,71,2
25,72,2
25,73,2
25,74,3
25,75,1
25,76,2
25,77,4
25,78,2
25,79,3
25,80,4
25,81,1
25,82,4
25,83,5
25,84,5
25,85,5
25,86,4
25,87,1
25,88,3
25,89,4
25,90,3
25,91,3
25,92,2
25,93,5
25,94,1
25,95,3
25,96,3
25,97,1
25,98,1
25,99,1
25,100,4
25,101,1
25,102,3
25,103,1
25,104,5
25,105,4
25,106,1
25,107,2
25,108,1
25,109,4
25,110,1
25,111,3
25,112,2
25,113,3
25,114,4
25,115,2
25,116,4
25,117,3
25,118,4
25,119,5
25,120,2
25,121,2
25,122,2
25,123,1
25,124,2
25,125,2
25,126,2
25,127,2
25,128,2
25,129,3
26,1,2
26,2,2
26,3,1
26,4,4
26,5,5
26,6,4
26,7,5
26,8,4
26,9,1
26,10,1
26,11,5
26,12,3
26,13,4
26,14,1
26,15,5
26,16,4
26,17,2
26,18,2
26,19,1
26,20,4
26,21,5
26,22,3
26,23,5
26,24,4
26,25,5
26,26,3
26,27,1
26,28,4
26,29,2
26,30,4
26,31,5
26,32,5
26,33,4
26,34,3
26,35,4
26,36,4
26,37,2
26,38,5
26,39,3
26,40,3
26,41,4
26,42,5
26,43,1
26,44,1
26,45,2
26,46,3
26,47,4
26,48,2
26,49,5
26,50,4
26,51,1
26,52,3
26,53,4
26,54,3
26,55,1
26,56,1
26,57,3
26,58,5
26,59,3
26,60,3
26,61,5
26,62,5
26,63,1
26,64,1
26,65,3
26,66,3
26,67,5
26,68,5
26,69,3
26,70,1
26,71,2
26,72,5
26,73,4
26,74,5
26,75,5
26,76,5
26,77,2
26,78,2
26,79,1
26,80,2
26,81,2
26,82,2
26,83,1
26,84,5
26,85,1
26,86,3
26,87,4
26,88,2
26,89,2
26,90,4
26,91,4
26,92,5
26,93,2
26,94,3
26,95,3
26,96,2
26,97,1
26,98,4
26,99,5
26,100,5
26,101,1
26,102,3
26,103,5
26,104,2
26,105,3
26,106,1
26,107,3
26,108,3
26,109,5
26,110,4
26,111,4
26,112,2
26,113,3
26,114,2
26,115,1
26,116,3
26,117,4
26,118,5
26,119,1
26,120,3
26,121,5
26,122,4
26,123,2
26,124,5
26,125,1
26,126,2
26,127,3
26,128,3
26,129,2
27,1,4
27,2,4
27,3,4
27,4,3
27,5,2
27,6,2
27,7,3
27,8,3
27,9,1
27,10,2
27,11,4
27,12,3
27,13,1
27,14,4
27,15,1
27,16,1
27,17,2
27,18,4
27,19,2
27,20,3
27,21,2
27,22,1
27,23,4
27,24,1
27,25,3
27,26,3
27,27,2
27,28,3
27,29,5
27,30,2
27,31,3
27,32,1
27,33,4
27,34,2
27,35,1
27,36,2
27,37,2
27,38,5
27,39,3
27,40,2
27,41,3
27,42,5
27,43,5
27,44,4
27,45,4
27,46,5
27,47,3
27,48,3
27,49,3
27,50,4
27,51,4
27,52,4
27,53,4
27,54,3
27,55,3
27,56,3
27,57,1
27,58,1
27,59,5
27,60,3
27,61,3
27,62,1
27,63,5
27,64,1
27,65,3
27,66,5
27,67,1
27,68,1
27,69,1
27,70,5
27,71,3
27,72,1
27,73,3
27,74,5
27,75,1
27,76,4
27,77,4
27,78,3
27,79,5
27,80,5
27,81,4
27,82,5
27,83,3
27,84,5
27,85,2
27,86,2
27,87,4
27,88,2
27,89,1
27,90,4
27,91,1
27,92,1
27,93,5
27,94,5
27,95,2
27,96,3
27,97,4
27,98,1
27,99,4
27,100,1
27,101,3
27,102,4
27,103,1
27,104,4
27,105,1
27,106,3
27,107,2
27,108,4
27,109,3
27,110,5
27,111,1
27,112,4
27,113,1
27,114,4
27,115,1
27,116,2
27,117,1
27,118,3
27,119,2
27,120,3
27,121,1
27,122,3
27,123,3
27,124,2
27,125,4
27,126,1
27,127,4
27,128,2
27,129,1
28,1,1
28,2,3
28,3,1
28,4,3
28,5,4
28,6,2
28,7,2
28,8,3
28,9,4
28,10,5
28,11,1
28,12,4
28,13,3
28,14,1
28,15,5
28,16,2
28,17,3
28,18,3
28,19,4
28,20,5
28,21,2
28,22,2
28,23,5
28,24,2
28,25,1
28,26,1
28,27,2
28,28,3
28,29,5
28,30,5
28,31,5
28,32,5
28,33,4
28,34,2
28,35,4
28,36,5
28,37,3
28,38,1
28,39,3
28,40,5
28,41,3
28,42,5
28,43,4
28,44,3
28,45,4
28,46,4
28,47,2
28,48,3
28,49,2
28,50,5
28,51,2
28,52,1
28,53,5
28,54,2
28,55,2
28,56,5
28,57,3
28,58,2
28,59,2
28,60,2
28,61,4
28,62,4
28,63,2
28,64,5
28,65,4
28,66,2
28,67,5
28,68,2
28,69,5
28,70,1
28,71,1
28,72,1
28,73,5
28,74,4
28,75,5
28,76,4
28,77,3
28,78,2
28,79,4
28,80,5
28,81,5
28,82,4
28,83,4
28,84,5
28,85,3
28,86,4
28,87,3
28,88,3
28,89,5
28,90,5
28,91,1
28,92,1
28,93,5
28,94,5
28,95,3
28,96,4
28,97,4
28,98,1
28,99,2
28,100,2
28,101,1
28,102,2
28,103,4
28,104,5
28,105,4
28,106,5
28,107,5
28,108,2
28,109,5
28,110,2
28,111,1
28,112,5
28,113,3
28,114,2
28,115,4
28,116,2
28,117,5
28,118,1
28,119,5
28,120,4
28,121,2
28,122,3
28,123,5
28,124,5
28,125,4
28,126,2
28,127,2
28,128,4
28,129,1
29,1,3
29,2,5
29,3,1
29,4,4
29,5,1
29,6,5
29,7,5
29,8,4
29,9,1
29,10,5
29,11,2
29,12,5
29,13,5
29,14,3
29,15,3
29,16,1
29,17,4
29,18,4
29,19,3
29,20,5
29,21,5
29,22,2
29,23,2
29,24,4
29,25,2
29,26,5
29,27,1
29,28,2
29,29,2
29,30,4
29,31,5
29,32,3
29,33,1
29,34,3
29,35,4
29,36,3
29,37,5
29,38,3
29,39,2
29,40,4
29,41,2
29,42,2
29,43,4
29,44,4
29,45,4
29,46,3
29,47,2
29,48,5
29,49,2
29,50,2
29,51,3
29,52,3
29,53,1
29,54,4
29,55,1
29,56,1
29,57,1
29,58,4
29,59,3
29,60,4
29,61,5
29,62,4
29,63,4
29,64,3
29,65,2
29,66,3
29,67,3
29,68,5
29,69,4
29,70,4
29,71,5
29,72,5
29,73,1
29,74,5
29,75,3
29,76,3
29,77,2
29,78,1
29,79,3
29,80,1
29,81,5
29,82,4
29,83,2
29,84,3
29,85,4
29,86,3
29,87,4
29,88,2
29,89,5
29,90,1
29,91,4
29,92,5
29,93,4
29,94,5
29,95,2
29,96,5
29,97,5
29,98,3
29,99,2
29,100,4
29,101,4
29,102,5
29,103,1
29,104,5
29,105,2
29,106,1
29,107,3
29,108,1
29,109,2
29,110,3
29,111,2
29,112,1
29,113,3
29,114,4
29,115,5
29,116,1
29,117,3
29,118,1
29,119,2
29,120,2
29,121,3
29,122,2
29,123,2
29,124,2
29,125,2
29,126,4
29,127,4
29,128,5
29,129,2
30,1,4
30,2,4
30,3,5
30,4,3
30,5,2
30,6,1
30,7,5
30,8,5
30,9,2
30,10,1
30,11,3
30,12,5
30,13,2
30,14,2
30,15,3
30,16,2
30,17,5
30,18,3
30,19,1
30,20,2
30,21,3
30,22,4
30,23,5
30,24,1
30,25,5
30,26,4
30,27,5
30,28,2
30,29,5
30,30,2
30,31,2
30,32,3
30,33,4
30,34,4
30,35,3
30,36,3
30,37,5
30,38,5
30,39,3
30,40,2
30,41,1
30,42,2
30,43,1
30,44,3
30,45,1
30,46,3
30,47,3
30,48,1
30,49,2
30,50,4
30,51,3
30,52,2
30,53,4
30,54,2
30,55,3
30,56,2
30,57,5
30,58,5
30,59,3
30,60,4
30,61,2
30,62,2
30,63,5
30,64,4
30,65,3
30,66,2
30,67,3
30,68,4
30,69,1
30,70,5
30,71,1
30,72,2
30,73,4
30,74,5
30,75,5
30,76,1
30,77,5
30,78,5
30,79,4
30,80,1
30,81,4
30,82,1
30,83,5
30,84,3
30,85,4
30,86,5
30,87,3
30,88,3
30,89,2
30,90,1
30,91,3
30,92,5
30,93,1
30,94,1
30,95,3
30,96,1
30,97,5
30,98,4
30,99,1
30,100,2
30,101,3
30,102,1
30,103,2
30,104,3
30,105,3
30,106,4
30,107,2
30,108,1
30,109,2
30,110,1
30,111,5
30,112,4
30,113,3
30,114,2
30,115,4
30,116,5
30,117,1
30,118,5
30,119,3
30,120,4
30,121,4
30,122,4
30,123,5
30,124,4
30,125,3
30,126,5
30,127,2
30,128,2
30,129,5
31,1,5
31,2,1
31,3,1
31,4,1
31,5,4
31,6,2
31,7,3
31,8,1
31,9,2
31,10,5
31,11,2
31,12,1
31,13,3
31,14,5
31,15,3
31,16,5
31,17,5
31,18,2
31,19,1
31,20,3
31,21,2
31,22,3
31,23,4
31,24,4
31,25,1
31,26,5
31,27,3
31,28,1
31,29,5
31,30,3
31,31,5
31,32,1
31,33,3
31,34,2
31,35,2
31,36,2
31,37,4
31,38,1
31,39,5
31,40,3
31,41,3
31,42,4
31,43,1
31,44,5
31,45,2
31,46,2
31,47,3
31,48,4
31,49,3
31,50,4
31,51,5
31,52,4
31,53,2
31,54,2
31,55,2
31,56,2
31,57,5
31,58,2
31,59,3
31,60,2
31,61,1
31,62,5
31,63,4
31,64,4
31,65,2
31,66,4
31,67,5
31,68,4
31,69,1
31,70,5
31,71,5
31,72,2
31,73,3
31,74,4
31,75,5
31,76,5
31,77,4
31,78,4
31,79,1
31,80,2
31,81,1
31,82,2
31,83,3
31,84,4
31,85,2
31,86,3
31,87,3
31,88,4
31,89,4
31,90,3
31,91,2
31,92,4
31,93,3
31,94,4
31,95,4
31,96,4
31,97,5
31,98,1
31,99,3
31,100,5
31,101,4
31,102,3
31,103,2
31,104,4
31,105,5
31,106,4
31,107,1
31,108,2
31,109,5
31,110,3
31,111,1
31,112,1
31,113,2
31,114,1
31,115,2
31,116,3
31,117,3
31,118,5
31,119,2
31,120,3
31,121,2
31,122,1
31,123,1
31,124,1
31,125,3
31,126,2
31,127,5
31,128,2
31,129,3
32,1,1
32,2,4
32,3,3
32,4,1
32,5,2
32,6,3
32,7,5
32,8,1
32,9,3
32,10,5
32,11,1
32,12,3
32,13,2
32,14,1
32,15,3
32,16,4
32,17,5
32,18,3
32,19,2
32,20,2
32,21,5
32,22,3
32,23,1
32,24,2
32,25,5
32,26,5
32,27,5
32,28,1
32,29,5
32,30,3
32,31,2
32,32,3
32,33,1
32,34,3
32,35,1
32,36,3
32,37,1
32,38,3
32,39,1
32,40,1
32,41,3
32,42,5
32,43,1
32,44,1
32,45,3
32,46,5
32,47,2
32,48,1
32,49,5
32,50,4
32,51,2
32,52,5
32,53,5
32,54,5
32,55,4
32,56,4
32,57,3
32,58,3
32,59,4
32,60,5
32,61,4
32,62,4
32,63,1
32,64,4
32,65,4
32,66,2
32,67,4
32,68,1
32,69,4
32,70,5
32,71,1
32,72,1
32,73,5
32,74,5
32,75,1
32,76,1
32,77,5
32,78,4
32,79,5
32,80,5
32,81,3
32,82,4
32,83,4
32,84,1
32,85,1
32,86,5
32,87,3
32,88,2
32,89,2
32,90,3
32,91,4
32,92,3
32,93,2
32,94,2
32,95,3
32,96,4
32,97,3
32,98,2
32,99,1
32,100,4
32,101,1
32,102,5
32,103,3
32,104,4
32,105,5
32,106,2
32,107,3
32,108,4
32,109,4
32,110,3
32,111,2
32,112,4
32,113,5
32,114,4
32,115,2
32,116,4
32,117,4
32,118,1
32,119,1
32,120,5
32,121,1
32,122,1
32,123,1
32,124,4
32,125,5
32,126,2
32,127,3
32,128,4
32,129,3
33,1,5
33,2,3
33,3,2
33,4,1
33,5,5
33,6,5
33,7,2
33,8,5
33,9,4
33,10,4
33,11,4
33,12,1
33,13,3
33,14,5
33,15,4
33,16,3
33,17,2
33,18,5
33,19,1
33,20,2
33,21,2
33,22,1
33,23,4
33,24,1
33,25,1
33,26,4
33,27,2
33,28,2
33,29,5
33,30,5
33,31,4
33,32,4
33,33,1
33,34,1
33,35,3
33,36,3
33,37,2
33,38,2
33,39,4
33,40,5
33,41,4
33,42,3
33,43,3
33,44,4
33,45,5
33,46,2
33,47,5
33,48,4
33,49,4
33,50,2
33,51,5
33,52,3
33,53,5
33,54,4
33,55,3
33,56,2
33,57,2
33,58,5
33,59,3
33,60,4
33,61,3
33,62,3
33,63,2
33,64,1
33,65,4
33,66,2
33,67,2
33,68,4
33,69,3
33,70,1
33,71,1
33,72,2
33,73,3
33,74,3
33,75,3
33,76,2
33,77,5
33,78,3
33,79,2
33,80,5
33,81,5
33,82,2
33,83,3
33,84,5
33,85,2
33,86,1
33,87,1
33,88,2
33,89,3
33,90,4
33,91,2
33,92,5
33,93,1
33,94,3
33,95,2
33,96,4
33,97,3
33,98,2
33,99,5
33,100,2
33,101,2
33,102,2
33,103,2
33,104,1
33,105,5
33,106,1
33,107,4
33,108,3
33,109,2
33,110,4
33,111,3
33,112,2
33,113,1
33,114,5
33,115,5
33,116,3
33,117,1
33,118,5
33,119,3
33,120,3
33,121,3
33,122,4
33,123,5
33,124,5
33,125,4
33,126,4
33,127,3
33,128,4
33,129,5
34,1,5
34,2,4
34,3,2
34,4,4
34,5,5
34,6,4
34,7,5
34,8,2
34,9,2
34,10,3
34,11,5
34,12,1
34,13,2
34,14,5
34,15,3
34,16,3
34,17,3
34,18,4
34,19,5
34,20,1
34,21,3
34,22,4
34,23,4
34,24,3
34,25,1
34,26,4
34,27,2
34,28,4
34,29,4
34,30,4
34,31,3
34,32,1
34,33,2
34,34,2
34,35,3
34,36,4
34,37,4
34,38,4
34,39,4
34,40,2
34,41,1
34,42,4
34,43,5
34,44,1
34,45,4
34,46,3
34,47,3
34,48,1
34,49,1
34,50,1
34,51,5
34,52,1
34,53,2
34,54,5
34,55,1
34,56,1
34,57,3
34,58,4
34,59,5
34,60,2
34,61,1
34,62,2
34,63,3
34,64,1
34,65,5
34,66,5
34,67,4
34,68,1
34,69,2
34,70,4
34,71,1
34,72,5
34,73,1
34,74,5
34,75,4
34,76,3
34,77,5
34,78,1
34,79,4
34,80,1
34,81,4
34,82,4
34,83,1
34,84,4
34,85,4
34,86,3
34,87,2
34,88,1
34,89,2
34,90,5
34,91,1
34,92,5
34,93,4
34,94,2
34,95,3
34,96,5
34,97,2
34,98,2
34,99,2
34,100,5
34,101,4
34,102,3
34,103,3
34,104,4
34,105,1
34,106,5
34,107,2
34,108,5
34,109,4
34,110,1
34,111,1
34,112,4
34,113,1
34,114,5
34,115,3
34,116,5
34,117,2
34,118,3
34,119,4
34,120,3
34,121,2
34,122,2
34,123,1
34,124,1
34,125,3
34,126,2
34,127,2
34,128,3
34,129,5